<?xml version="1.0"?>
<pagescount>
	<html_total>1</html_total>
	<html_done>1</html_done>
	<images/>
	<script/>
	<css/>
	<pdf/>
	<documents/>
	<excel/>
	<powerpoint/>
	<flash/>
	<audios/>
	<videos/>
	<xml/>
	<json/>
	<txt/>
	<autocad/>
	<fonts/>
	<scraping_reload>1</scraping_reload>
	<is_pretty_url>false</is_pretty_url>
	<is_ebn>false</is_ebn>
	<email>lexisux3033@gmail.com</email>
	<theme_name>WmdTheme186694</theme_name>
	<server_url_front_page>https://www.waybackmachinedownloader.com/scraping/files/demo/eros.com_lexisux3033_gmail.com_fwlfxjd2jx/</server_url_front_page>
	<no_www_url>content.incapsula.com</no_www_url>
	<hosted_domain/>
	<original_archive_url>https://web.archive.org/web/20170322021618if_/https://content.incapsula.com/jsTest.html</original_archive_url>
	<final_archive_url>https://web.archive.org/web/20170322030556if_/http://content.incapsula.com/jsTest.html</final_archive_url>
	<front_page_code_date>20170322030556if_</front_page_code_date>
	<total_urls_from_api/>
	<max_reached_live>false</max_reached_live>
	<scrape_other_captures>false</scrape_other_captures>
	<total_size>32</total_size>
</pagescount>
